,Name,Phone,Email,Date
0,"Anika, Rhiannon, Fatima, Quemby",070 6869 7110,viverra.Donec.tempus@tempus.ca,"Mar 9, 2019"
1,"Jamal, Kathleen, Halla, Kaseem",(0191) 241 1726,pellentesque@in.co.uk,"Jun 22, 2020"
2,"Gage, Nina, Cain, Lillith",07624 622804,ornare.placerat.orci@mitemporlorem.edu,"Jan 17, 2019"
3,"Kuame, Marshall, Barclay, Cherokee",(01571) 046238,consequat.purus@Proin.org,"Feb 18, 2019"
4,"Barry, Elvis, Kevyn, Riley",(0111) 273 0368,orci.consectetuer@velmauris.org,"Apr 8, 2019"
5,"Francesca, Rowan, Tara, Zorita",(0101) 976 2404,In@Sedpharetra.org,"Sep 24, 2019"
6,"Tashya, Iris, Lance, Flavia",(0181) 763 6380,risus@Nunc.com,"Jan 13, 2020"
7,"Randall, Robin, Maite, Kirby",(01516) 15374,id@eutellus.com,"Dec 4, 2020"
8,"Joelle, Griffith, Wanda, Martha",0800 1111,elit.Etiam.laoreet@rhoncus.ca,"Aug 4, 2019"
9,"Idola, Hammett, Jessica, Yeo",07624 178775,ac@sodales.co.uk,"Oct 22, 2019"
10,"Owen, TaShya, Merritt, Quinn",(0101) 999 6855,pretium@Maecenasmalesuadafringilla.edu,"Aug 2, 2020"
11,"Paul, Candace, Gareth, Barrett",0344 124 8739,ornare.tortor.at@mattis.edu,"Nov 18, 2020"
12,"Keaton, Thane, Tamara, Macon",076 5364 1383,Curae@Suspendisse.org,"Feb 22, 2019"
13,"Lacey, Odessa, Vernon, Craig",0800 1111,odio.a@duiCras.co.uk,"Sep 27, 2020"
14,"Austin, Kelly, Kennan, Odessa",0800 1111,cursus@mienim.net,"Jul 19, 2019"
15,"Summer, Orlando, Wyatt, Shannon",(016977) 2596,odio@Nullam.edu,"Jan 23, 2019"
16,"Abel, Brenda, Anastasia, Sopoline",07236 521614,Fusce.aliquam@bibendumfermentum.edu,"Jul 24, 2020"
17,"Lawrence, Elizabeth, Jessica, Fletcher",(026) 4443 3934,gravida.molestie@rutrumFuscedolor.com,"Apr 17, 2020"
18,"Bethany, Brandon, Belle, Lucian",0960 093 6273,est.ac@acfacilisisfacilisis.ca,"Oct 6, 2019"
19,"Brynn, Shellie, Regina, Chantale",(0114) 184 9132,nisi.sem@sociisnatoquepenatibus.net,"Feb 22, 2020"
20,"Lev, Brennan, Dawn, Sloane",07624 969226,natoque.penatibus@variusultrices.net,"Jan 19, 2019"
21,"Eden, Vera, Hanna, Oleg",(01656) 988935,dolor@ultricesposuerecubilia.com,"Aug 6, 2019"
22,"Xavier, Graham, Charity, Cameron",(01508) 87361,Nam@ridiculus.net,"Apr 14, 2019"
23,"Cleo, Ivy, Giacomo, Lois",055 8836 7232,laoreet.lectus.quis@adipiscing.co.uk,"Nov 20, 2019"
24,"Kalia, Benjamin, Hasad, Matthew",(016977) 7998,sed.tortor@primisinfaucibus.com,"Jan 17, 2020"
25,"Nayda, Angela, Tanek, Ross",(0101) 689 9242,Aliquam.adipiscing.lobortis@Praesenteudui.edu,"Oct 10, 2020"
26,"Cyrus, Kylie, Jaden, Blair",07624 585393,facilisis@quislectus.com,"Jul 29, 2020"
27,"Curran, Sandra, Paloma, Keely",(01430) 17964,tincidunt@dolorDonec.co.uk,"Sep 22, 2019"
28,"Shellie, Octavius, Remedios, Alexa",0845 46 45,tempor@inmagnaPhasellus.ca,"Jun 10, 2019"
29,"Bernard, Alfonso, Roanna, Dora",0904 865 8789,purus@Aenean.org,"Mar 8, 2019"
30,"Arden, Ivor, Dora, Kennan",055 6633 4020,Nunc.ac@estconguea.edu,"Jun 3, 2020"
31,"Keith, Piper, Reagan, Brenna",076 5700 8356,placerat.Cras@Vestibulumut.co.uk,"Jul 19, 2019"
32,"Porter, Gavin, Valentine, Yuli",(025) 0214 3947,nec.urna.et@Integer.com,"May 16, 2019"
33,"Haley, Rebecca, Willow, Quyn",0800 467566,eu@dolornonummyac.org,"Jul 11, 2019"
34,"Randall, Brielle, Marvin, Amela",07624 608658,convallis@auctorMaurisvel.net,"Aug 11, 2020"
35,"Rogan, Bradley, Brianna, Caleb",0956 269 6984,velit.Aliquam@diamDuis.edu,"Apr 14, 2019"
36,"Phoebe, Jarrod, Cody, Sawyer",(019234) 34283,ultrices.sit.amet@nulla.net,"Nov 20, 2020"
37,"Holmes, Buffy, Demetria, Palmer",0500 535722,urna.convallis.erat@lectusNullamsuscipit.com,"Mar 13, 2019"
38,"Kennan, Savannah, Rebecca, Bruno",0341 273 8365,cursus.et.magna@Maecenasiaculisaliquet.com,"Jul 22, 2020"
39,"Axel, Sophia, Geoffrey, Kareem",(01270) 52147,vel.arcu@seddictumeleifend.net,"Jan 15, 2020"
40,"Mariko, Randall, Zachary, Cameran",(01418) 044296,lectus.convallis.est@acliberonec.net,"Jun 8, 2020"
41,"Maite, Nerea, Russell, Phyllis",076 8905 8611,Donec.nibh@acturpisegestas.edu,"Aug 28, 2019"
42,"Hermione, Steven, Genevieve, Austin",(01168) 755913,Nunc.lectus.pede@et.org,"Aug 11, 2020"
43,"Sade, Kylee, Diana, Lester",(01375) 444870,aliquet@tinciduntDonec.net,"Apr 14, 2020"
44,"Roanna, Octavius, Vladimir, Kennedy",(016403) 62045,augue.ac@metus.ca,"Nov 13, 2019"
45,"Jayme, Julian, Aileen, Heather",056 3326 0088,montes@metussitamet.com,"Jan 30, 2019"
46,"Jakeem, Madeson, Elaine, Daphne",(016977) 2775,auctor@Aeneanegestas.com,"Jun 19, 2019"
47,"Vaughan, Peter, Cassidy, Tanya",056 1751 3931,fringilla.cursus.purus@iaculisaliquetdiam.com,"May 12, 2019"
48,"Odessa, Uta, Warren, Kelsie",0369 751 4285,ut.eros.non@orci.org,"Jan 3, 2020"
49,"Jillian, Morgan, Mikayla, Hector",076 6810 7245,Nunc.lectus@Donec.edu,"Aug 14, 2020"
50,"Jessamine, Aiko, Myles, Christine",(019490) 01556,magna.Nam.ligula@disparturient.com,"Mar 5, 2020"
51,"Ferdinand, Graham, Kevyn, Britanney",0390 737 9857,nec.tempus@tinciduntaliquam.co.uk,"Jul 9, 2019"
52,"Charlotte, Jasper, Ira, Mohammad",07324 953573,amet.ornare@cursus.org,"Sep 6, 2020"
53,"Elaine, Kathleen, Gwendolyn, Dean",(028) 6628 9039,porta.elit.a@famesacturpis.ca,"Jan 5, 2020"
54,"Gannon, Athena, Winifred, Rhona",0800 865902,vestibulum.lorem@tempus.com,"Apr 28, 2019"
55,"Travis, Adrian, Helen, Odysseus",(011164) 45659,diam.Sed@sociisnatoquepenatibus.ca,"Feb 2, 2020"
56,"Charde, Myra, Adam, Steven",07810 720210,elementum.lorem.ut@disparturient.net,"Jul 3, 2019"
57,"Carla, Deirdre, Karly, Kane",0962 285 0276,amet@dapibusquamquis.co.uk,"Jan 4, 2021"
58,"Leila, Graham, Josiah, Pamela",070 3416 7909,semper@In.ca,"Jan 24, 2020"
59,"Sierra, Nathan, Maggy, Fitzgerald",0800 961520,magna@In.edu,"May 23, 2020"
60,"Hanae, Deborah, Nelle, Abigail",(020) 2429 7439,enim@Sedeu.co.uk,"Dec 14, 2020"
61,"Felicia, Zelenia, Chester, Madeson",0314 556 3073,volutpat.nunc.sit@at.org,"Sep 5, 2019"
62,"Adara, Warren, Nerea, Sawyer",07624 880572,In.ornare@sollicitudinadipiscingligula.com,"Jul 12, 2019"
63,"Kirby, Imani, Yael, Hoyt",070 2628 2380,quis.diam.luctus@rutrum.edu,"Jul 7, 2020"
64,"Hyatt, Francesca, Rylee, Dominique",0800 1111,congue.elit.sed@liberoMorbi.net,"Jan 6, 2021"
65,"Adena, Lester, Kessie, Sage",0500 432535,pellentesque.tellus@sedestNunc.co.uk,"Apr 15, 2020"
66,"Ronan, Ferdinand, Brock, Quemby",0998 940 5018,in@Duis.co.uk,"Aug 20, 2020"
67,"Clayton, Shelley, Beau, Nevada",(01893) 67653,Integer.urna.Vivamus@enim.org,"Aug 11, 2019"
68,"Guy, Jasper, Solomon, Nigel",055 0123 6763,et.lacinia@Nunc.org,"Mar 5, 2020"
69,"Ciaran, Anastasia, Lael, Yetta",(01413) 12723,a.felis@porttitorvulputate.org,"Jun 22, 2020"
70,"Prescott, Jakeem, Cadman, Aaron",(0118) 325 1031,a.odio@sedsem.ca,"Apr 10, 2020"
71,"Patience, Brynn, Stuart, Deanna",0800 858 2118,tincidunt.tempus@Sed.ca,"Oct 7, 2019"
72,"Aphrodite, Deanna, Ursa, Slade",0800 295092,sed.pede.nec@elitdictumeu.edu,"Aug 27, 2020"
73,"Minerva, Lilah, Giacomo, Lisandra",(013893) 13745,at.pretium.aliquet@montesnascetur.net,"Feb 21, 2020"
74,"Drew, Renee, Laurel, Clayton",0800 833480,Donec@natoquepenatibus.co.uk,"Aug 5, 2019"
75,"Adria, Channing, Adria, May",(026) 3864 2807,consectetuer.adipiscing.elit@egestas.org,"Jul 3, 2019"
76,"Gavin, Hayfa, Wang, Sheila",056 2237 1577,lectus.a.sollicitudin@erategetipsum.com,"Sep 20, 2020"
77,"Hammett, Kylan, Duncan, Claudia",0800 1111,Duis.elementum.dui@penatibus.com,"Feb 18, 2019"
78,"Kylynn, Iris, Gary, Ezra",(0141) 885 8661,lobortis@nisidictum.org,"Sep 11, 2020"
79,"Signe, Justin, Jenette, Samuel",(0116) 222 1954,dui.quis@Vivamussitamet.com,"Feb 4, 2019"
80,"Laurel, Jordan, Francis, Donna",07603 097166,ornare@lorem.edu,"Nov 25, 2019"
81,"Olympia, Ferris, Amaya, Skyler",07701 662772,ultricies.sem@pede.co.uk,"Dec 29, 2019"
82,"Alfreda, Kathleen, Ariel, Beck",056 7319 8662,mauris@in.net,"Nov 10, 2019"
83,"Charlotte, Aretha, Murphy, Larissa",0800 489 2340,quam@aptenttacitisociosqu.net,"Jul 10, 2019"
84,"Kirk, Cora, Reagan, Zoe",0967 200 9423,accumsan.convallis.ante@sagittis.net,"Jul 14, 2019"
85,"Branden, Christine, Lucas, Merritt",055 6970 3162,facilisis.non.bibendum@molestietortor.edu,"Dec 21, 2019"
86,"Jolene, Stephanie, Quon, Allen",0800 1111,justo.nec@sem.co.uk,"Nov 25, 2020"
87,"Shelly, Lillith, Calvin, Jolene",(01331) 830840,lectus@molestietellusAenean.com,"May 28, 2019"
88,"Quynn, Dahlia, Hollee, Desirae",(0111) 924 8432,neque.tellus@Nullamlobortisquam.ca,"May 29, 2020"
89,"Gay, Maris, Callum, Tasha",0500 376525,non@Aliquamnisl.co.uk,"Mar 19, 2019"
90,"Prescott, Jaden, Hamish, Sloane",(01888) 56396,non@scelerisqueloremipsum.org,"Dec 4, 2019"
91,"Reed, Halla, Fatima, Lana",(01621) 70088,iaculis@Integer.com,"Jul 24, 2020"
92,"Dale, Randall, MacKensie, Nasim",0964 647 9802,dui.Cum.sociis@eu.ca,"Nov 23, 2020"
93,"Jeremy, Brody, Rinah, Lesley",(014105) 42421,a.scelerisque@conguea.org,"Jul 4, 2020"
94,"Kenyon, Galvin, Dawn, Roary",055 4963 1675,consequat.enim@Curabitur.ca,"Sep 19, 2019"
95,"Giselle, Aretha, Dean, Alfreda",(01572) 665410,nec@Donecvitae.org,"Mar 15, 2020"
96,"Lani, Vladimir, Asher, Craig",056 3044 7997,ornare@Aliquam.co.uk,"Apr 25, 2019"
97,"Kaitlin, Zena, Brianna, Nayda",056 6207 4865,vitae.posuere.at@duisemper.edu,"Apr 10, 2020"
98,"Jared, Nina, Keefe, Cassandra",(016977) 4251,torquent@nequeNullam.net,"Feb 19, 2019"
99,"Eagan, Simon, Herman, Honorato",(0113) 998 0372,tincidunt.tempus@euodio.ca,"Aug 23, 2019"
